Player Name,Team,Status
"Ganiou I.","Lens","No Search Results"
"Bah J.","Nice","No Search Results"
"Mensah G.","Auxerre","No Search Results"
"Satriano M.","Lyon","No Search Results"
"De Smet T.","Paris FC","No Search Results"
"Mendes N.","PSG","No Search Results"
"El Arabi Y.","Nantes","No Search Results"
"Lee Kang-In","PSG","No Search Results"
"Cisse D.","Rennes","No Search Results"
"Matondo R.","Auxerre","No Search Results"
"Correia F.","Lille","No Search Results"
"Mara S.","Auxerre","No Search Results"
"Fernandez-Pardo M.","Lille","No Search Results"
"Vossah A.","Toulouse","No Search Results"
"Seidu A.","Rennes","No Search Results"
"Tessmann T.","Lyon","No Search Results"
"Doukoure I.","Strasbourg","No Search Results"
"Locko B.","Brest","No Search Results"
"Balogun F.","Monaco","No Search Results"
"Soumano S.","Lorient","No Search Results"
"Makengo J.","Lorient","No Search Results"
"Biereth M.","Monaco","No Search Results"
"Ebonog S.","Le Havre","No Search Results"
"Ait Boudlal A.","Rennes","No Search Results"
"Neves J.","PSG","No Search Results"
"Kwon Hyeok-Kyu","Nantes","No Search Results"
"Vermeeren A.","Marseille","No Search Results"
"Golovin A.","Monaco","No Search Results"
"Meite B.","Lorient","No Search Results"
"Kechta Y.","Le Havre","No Search Results"
"Cozza N.","Nantes","No Search Results"
"Barcola B.","PSG","No Search Results"
"Coudert G.","Brest","No Search Results"
"Minamino T.","Monaco","No Search Results"
"Sy L.","Auxerre","No Search Results"
"Ruiz F.","PSG","No Search Results"
"Abner Vinicius","Lyon","No Search Results"
"Murillo M.","Marseille","No Search Results"
"Tabibou D.","Nantes","No Search Results"
"Mbemba Ch.","Lille","No Search Results"
"Coulibaly M.","Monaco","No Search Results"
"Guirassy B.","Nantes","No Search Results"
"Frankowski P.","Rennes","No Search Results"
"Nkambadio O.","Paris FC","No Search Results"
"Diatta K.","Monaco","No Search Results"
"Chergui S.","Paris FC","No Search Results"
"O'Riley M.","Marseille","No Search Results"
"Ramos G.","PSG","No Search Results"
"Casimir J.","Auxerre","No Search Results"
"Karabec A.","Lyon","No Search Results"
"El Azzouzi O.","Auxerre","No Search Results"
"Marquinhos","PSG","No Search Results"
"Balerdi L.","Marseille","No Search Results"
"Boudaoui H.","Nice","No Search Results"
"Sanson M.","Nice","No Search Results"
"Karim D.","Lorient","No Search Results"
"Hernandez L.","PSG","No Search Results"
"Oppegard F.","Auxerre","No Search Results"
"Doumbia K.","Brest","No Search Results"
"Marchetti V.","Paris FC","No Search Results"
"Trapp K.","Paris FC","No Search Results"
"Labeau Lascary R.","Brest","No Search Results"
"Majecki R.","Brest","No Search Results"
"Simon M.","Paris FC","No Search Results"
"Abdul Samed S.","Nice","No Search Results"
"Rouault A.","Rennes","No Search Results"
"Leroux L.","Nantes","No Search Results"
"Peter P.","Angers","No Search Results"
"Bentaleb N.","Lille","No Search Results"
"Lees-Melou P.","Paris FC","No Search Results"
"Louchet T.","Nice","No Search Results"
"Ouattara A.","Strasbourg","No Search Results"
"Samatta A.","Le Havre","No Search Results"
"Lepenant J.","Nantes","No Search Results"
"Abdi A.","Nice","No Search Results"
"Mambimbi F.","Le Havre","No Search Results"
"Satriano M.","Lyon","No Search Results"
"Igor Silva","Lorient","No Search Results"
"Mendes N.","PSG","No Search Results"
"Fati A.","Monaco","No Search Results"
"Lee Kang-In","PSG","No Search Results"
"Godo M.","Strasbourg","No Search Results"
"Matondo R.","Auxerre","No Search Results"
"Owusu E.","Auxerre","No Search Results"
"Mara S.","Auxerre","No Search Results"
"Vossah A.","Toulouse","No Search Results"
"Meite M.","Rennes","No Search Results"
"Blas L.","Rennes","No Search Results"
"Tessmann T.","Lyon","No Search Results"
"Merah K.","Lyon","No Search Results"
"Locko B.","Brest","No Search Results"
"Soumano S.","Lorient","No Search Results"
"Gory A.","Paris FC","No Search Results"
"Kluivert R.","Lyon","No Search Results"
"Biereth M.","Monaco","No Search Results"
"Ait Boudlal A.","Rennes","No Search Results"
"Sane I.","Metz","No Search Results"
"Neves J.","PSG","No Search Results"
"Geubbels W.","Paris FC","No Search Results"
"Vermeeren A.","Marseille","No Search Results"
"Sahraoui O.","Lille","No Search Results"
"Kechta Y.","Le Havre","No Search Results"
"Hogsberg L.","Strasbourg","No Search Results"
"Barcola B.","PSG","No Search Results"
"Gomes A.","Marseille","No Search Results"
"Minamino T.","Monaco","No Search Results"
"Abdulhamid S.","Lens","No Search Results"
"Raolisoa L.","Angers","No Search Results"
"Ruiz F.","PSG","No Search Results"
"Murillo M.","Marseille","No Search Results"
"Gradit J.","Lens","No Search Results"
"Mukau N.","Lille","No Search Results"
"Mbemba Ch.","Lille","No Search Results"
"Amo-Ameyaw S.","Strasbourg","No Search Results"
"Guirassy B.","Nantes","No Search Results"
"Mostafa Mohamed","Nantes","No Search Results"
"Nkambadio O.","Paris FC","No Search Results"
"Sierralta F.","Auxerre","No Search Results"
"Chergui S.","Paris FC","No Search Results"
"Igamane H.","Lille","No Search Results"
"Ramos G.","PSG","No Search Results"
"Cadiou N.","Lorient","No Search Results"
"Bamba M.","Lorient","No Search Results"
"Karabec A.","Lyon","No Search Results"
"Gouveia T.","Nice","No Search Results"
"Marquinhos","PSG","No Search Results"
"Tousart L.","Brest","No Search Results"
"Mvuka Mugisha J.","Lorient","No Search Results"
"Boudaoui H.","Nice","No Search Results"
"Ballo-Toure F.","Metz","No Search Results"
"Karim D.","Lorient","Error: Execution context was destroyed, most likely because of a navigation."
"Oppegard F.","Auxerre","No Search Results"
"Doucoure F.","Le Havre","No Search Results"
"Marchetti V.","Paris FC","No Search Results"
"Osman I.","Auxerre","No Search Results"
"Labeau Lascary R.","Brest","No Search Results"
"Diaz Jr. M.","Brest","No Search Results"
"Abdul Samed S.","Nice","No Search Results"
"Dembélé O.","PSG","No Search Results"
"Rouault A.","Rennes","No Search Results"
"Omobamidele A.","Strasbourg","No Search Results"
"Peter P.","Angers","No Search Results"
"Messali R.","Toulouse","No Search Results"
"Louchet T.","Nice","No Search Results"
"Mbappé E.","Lille","No Search Results"
"Samatta A.","Le Havre","No Search Results"
"Mbaye I.","PSG","No Search Results"
"Lepenant J.","Nantes","No Search Results"
"Hakimi A.","PSG","No Search Results"
"Mambimbi F.","Le Havre","No Search Results"
"Doué D.","PSG","No Search Results"
"Nadir B.","Marseille","No Search Results"
"Igor Silva","Lorient","No Search Results"
"Fati A.","Monaco","No Search Results"
"Sangui N.","Paris FC","No Search Results"
"Godo M.","Strasbourg","No Search Results"
"Dina Ebimbe J.","Brest","No Search Results"
"Owusu E.","Auxerre","No Search Results"
"Sane S.","Metz","No Search Results"
"Meite M.","Rennes","No Search Results"
"Camara L.","Monaco","No Search Results"
"Blas L.","Rennes","No Search Results"
"Vanderson","Monaco","No Search Results"
"Merah K.","Lyon","No Search Results"
"Hradecký L.","Monaco","No Search Results"
"Gory A.","Paris FC","No Search Results"
"Kevin","Nice","No Search Results"
"Kluivert R.","Lyon","No Search Results"
"Vaz R.","Marseille","No Search Results"
"Verdonk C.","Lille","No Search Results"
"Sane I.","Metz","No Search Results"
"Geubbels W.","Paris FC","No Search Results"
"Tosin A.","Lorient","No Search Results"
"Sahraoui O.","Lille","No Search Results"
"Hanin F.","Angers","No Search Results"
"Hidalgo S.","Toulouse","No Search Results"
"Ndjantou Q.","PSG","No Search Results"
"Boga J.","Nice","No Search Results"
"Moffi T.","Nice","No Search Results"
"Bulatovic A.","Lens","No Search Results"
"Zakaria D.","Monaco","No Search Results"
"Baldé M.","Brest","No Search Results"
"Kyeremeh G.","Le Havre","No Search Results"
"Ikone J.","Paris FC","No Search Results"
"Hateboer H.","Lyon","No Search Results"
"Beraldo L.","PSG","No Search Results"
"Francis A.","Toulouse","No Search Results"
"Sarr M.","Strasbourg","No Search Results"
"Jansson I.","Nice","No Search Results"
"Fofana R.","Lens","No Search Results"
"Seko A.","Le Havre","No Search Results"
"Ilenikhena G.","Monaco","No Search Results"
"Chotard J.","Brest","No Search Results"
"Kolodziejczak T.","Paris FC","No Search Results"
"Lefort J.","Angers","No Search Results"
"Fofana S.","Rennes","No Search Results"
"Samba B.","Rennes","No Search Results"
"Nanasi S.","Strasbourg","No Search Results"
"Gouiri A.","Marseille","No Search Results"
"Greif D.","Lyon","No Search Results"
"de Carvalho M.","Lyon","No Search Results"
"Risser R.","Lens","No Search Results"
"Courcoul M.","Angers","No Search Results"
"Udol M.","Lens","No Search Results"
"Egan-Riley C.","Marseille","No Search Results"
"Abline M.","Nantes","No Search Results"
"Dupe M.","Nice","No Search Results"
"Belkebla H.","Angers","No Search Results"
"Camara M.","Rennes","No Search Results"
"Baidoo S.","Lens","No Search Results"
"Zaïre-Emery W.","PSG","No Search Results"
"Fischer J.","Metz","No Search Results"
"Thauvin F.","Lens","No Search Results"
"Leon D.","Auxerre","No Search Results"
"Amian K.","Nantes","No Search Results"
"Rongier V.","Rennes","No Search Results"
"Restes G.","Toulouse","No Search Results"
"Cresswell C.","Toulouse","No Search Results"
"Morton T.","Lyon","No Search Results"
"Lala K.","Brest","No Search Results"
"Soumare I.","Le Havre","No Search Results"
"Nego L.","Le Havre","No Search Results"
"Mata C.","Lyon","Error: Attempted to use detached Frame '77CD467A088B38FD5B7CA9958E255174'."
"Chardonnet B.","Brest","Error: Attempted to use detached Frame '77CD467A088B38FD5B7CA9958E255174'."
"Magnetti H.","Brest","Error: Attempted to use detached Frame '77CD467A088B38FD5B7CA9958E255174'."
"Ajorque L.","Brest","Error: Attempted to use detached Frame '77CD467A088B38FD5B7CA9958E255174'."
"Toure A.","Metz","Error: Attempted to use detached Frame '77CD467A088B38FD5B7CA9958E255174'."
"Emerson","Marseille","Error: Attempted to use detached Frame '77CD467A088B38FD5B7CA9958E255174'."
"Casseres C.","Toulouse","Error: Attempted to use detached Frame '77CD467A088B38FD5B7CA9958E255174'."
"Nicolaisen R.","Toulouse","Error: Attempted to use detached Frame '77CD467A088B38FD5B7CA9958E255174'."
"Gboho Y.","Toulouse","Error: Attempted to use detached Frame '77CD467A088B38FD5B7CA9958E255174'."
"Akpa C.","Auxerre","Error: Attempted to use detached Frame '77CD467A088B38FD5B7CA9958E255174'."
"Belkhdim Y.","Angers","Error: Attempted to use detached Frame '77CD467A088B38FD5B7CA9958E255174'."
"Arcus C.","Angers","Error: Attempted to use detached Frame '77CD467A088B38FD5B7CA9958E255174'."
"Brassier L.","Rennes","Error: Attempted to use detached Frame '77CD467A088B38FD5B7CA9958E255174'."
"Sangare M.","Lens","Error: Attempted to use detached Frame '77CD467A088B38FD5B7CA9958E255174'."
"Mbow M.","Paris FC","Error: Attempted to use detached Frame '77CD467A088B38FD5B7CA9958E255174'."
"Koffi H.","Angers","Error: Attempted to use detached Frame '77CD467A088B38FD5B7CA9958E255174'."
"Mvogo Y.","Lorient","Error: Attempted to use detached Frame '77CD467A088B38FD5B7CA9958E255174'."
"Rulli G.","Marseille","Error: Attempted to use detached Frame '77CD467A088B38FD5B7CA9958E255174'."
"Ozer B.","Lille","Error: Attempted to use detached Frame '77CD467A088B38FD5B7CA9958E255174'."
"Jacquet J.","Rennes","Error: Attempted to use detached Frame '77CD467A088B38FD5B7CA9958E255174'."
"Penders M.","Strasbourg","Error: Attempted to use detached Frame '77CD467A088B38FD5B7CA9958E255174'."
"Lopes A.","Nantes","Error: Attempted to use detached Frame '77CD467A088B38FD5B7CA9958E255174'."
"Tati T.","Nantes","Error: Attempted to use detached Frame '77CD467A088B38FD5B7CA9958E255174'."
"Greenwood M.","Marseille","Error: Attempted to use detached Frame '77CD467A088B38FD5B7CA9958E255174'."
"Mandi A.","Lille","Error: Attempted to use detached Frame '77CD467A088B38FD5B7CA9958E255174'."
"Akliouche M.","Monaco","Error: Attempted to use detached Frame '77CD467A088B38FD5B7CA9958E255174'."
"Sangante A.","Le Havre","Error: Attempted to use detached Frame '77CD467A088B38FD5B7CA9958E255174'."
"Maitland-Niles A.","Lyon","Error: Attempted to use detached Frame '77CD467A088B38FD5B7CA9958E255174'."
"Clauss J.","Nice","Error: Attempted to use detached Frame '77CD467A088B38FD5B7CA9958E255174'."
"Kouassi A.","Lorient","Error: Attempted to use detached Frame '77CD467A088B38FD5B7CA9958E255174'."
"Bard M.","Nice","Error: Attempted to use detached Frame '77CD467A088B38FD5B7CA9958E255174'."
"Camara O.","Angers","Error: Attempted to use detached Frame '77CD467A088B38FD5B7CA9958E255174'."
"Zouaoui Y.","Le Havre","Error: Attempted to use detached Frame '77CD467A088B38FD5B7CA9958E255174'."
"Deminguet J.","Metz","Error: Attempted to use detached Frame '77CD467A088B38FD5B7CA9958E255174'."
"Kebbal I.","Paris FC","Error: Attempted to use detached Frame '77CD467A088B38FD5B7CA9958E255174'."
"Hojbjerg P.","Marseille","Error: Attempted to use detached Frame '77CD467A088B38FD5B7CA9958E255174'."
"Ekomie J.","Angers","Error: Attempted to use detached Frame '77CD467A088B38FD5B7CA9958E255174'."
"Vitinha","PSG","Error: Attempted to use detached Frame '77CD467A088B38FD5B7CA9958E255174'."
"Otavio","Paris FC","Error: Attempted to use detached Frame '77CD467A088B38FD5B7CA9958E255174'."
"Thomasson A.","Lens","Error: Attempted to use detached Frame '77CD467A088B38FD5B7CA9958E255174'."
"Diop S.","Nice","Error: Attempted to use detached Frame '77CD467A088B38FD5B7CA9958E255174'."
"Gbamin J.","Metz","Error: Attempted to use detached Frame '77CD467A088B38FD5B7CA9958E255174'."
"Mwanga J.","Nantes","Error: Attempted to use detached Frame '77CD467A088B38FD5B7CA9958E255174'."
"Hein G.","Metz","Error: Attempted to use detached Frame '77CD467A088B38FD5B7CA9958E255174'."
"Ndiaye R.","Le Havre","Error: Attempted to use detached Frame '77CD467A088B38FD5B7CA9958E255174'."
"Camara A.","Paris FC","Error: Attempted to use detached Frame '77CD467A088B38FD5B7CA9958E255174'."
"Colin M.","Metz","Error: Attempted to use detached Frame '77CD467A088B38FD5B7CA9958E255174'."
"Paixao I.","Marseille","Error: Attempted to use detached Frame '77CD467A088B38FD5B7CA9958E255174'."
"Chevalier L.","PSG","Error: Attempted to use detached Frame '77CD467A088B38FD5B7CA9958E255174'."
"Coulibaly S.","Brest","Error: Attempted to use detached Frame '77CD467A088B38FD5B7CA9958E255174'."
"Diaw M.","Le Havre","Error: Attempted to use detached Frame '77CD467A088B38FD5B7CA9958E255174'."
"Salisu M.","Monaco","Error: Attempted to use detached Frame '77CD467A088B38FD5B7CA9958E255174'."
"Talbi M.","Lorient","Error: Attempted to use detached Frame '77CD467A088B38FD5B7CA9958E255174'."
"Yegbe T.","Metz","Error: Attempted to use detached Frame '77CD467A088B38FD5B7CA9958E255174'."
"Diouf Y.","Nice","Error: Attempted to use detached Frame '77CD467A088B38FD5B7CA9958E255174'."
"Tsitaishvili G.","Metz","Error: Attempted to use detached Frame '77CD467A088B38FD5B7CA9958E255174'."
"Mendy A.","Nice","Error: Attempted to use detached Frame '77CD467A088B38FD5B7CA9958E255174'."
"Panichelli J.","Strasbourg","Error: Attempted to use detached Frame '77CD467A088B38FD5B7CA9958E255174'."
"Meunier T.","Lille","Error: Attempted to use detached Frame '77CD467A088B38FD5B7CA9958E255174'."
"Lloris G.","Le Havre","Error: Attempted to use detached Frame '77CD467A088B38FD5B7CA9958E255174'."
"Awaziem C.","Nantes","Error: Attempted to use detached Frame '77CD467A088B38FD5B7CA9958E255174'."
"Mouton L.","Angers","Error: Attempted to use detached Frame '77CD467A088B38FD5B7CA9958E255174'."
"Peprah K.","Nice","Error: Attempted to use detached Frame '77CD467A088B38FD5B7CA9958E255174'."
"Pavard B.","Marseille","Error: Attempted to use detached Frame '77CD467A088B38FD5B7CA9958E255174'."
"Aguilar R.","Lens","Error: Attempted to use detached Frame '77CD467A088B38FD5B7CA9958E255174'."
"Sidibe D.","Toulouse","Error: Attempted to use detached Frame '77CD467A088B38FD5B7CA9958E255174'."
"Niakhaté M.","Lyon","Error: Attempted to use detached Frame '77CD467A088B38FD5B7CA9958E255174'."
"Perraud R.","Lille","Error: Attempted to use detached Frame '77CD467A088B38FD5B7CA9958E255174'."
"Pacho W.","PSG","Error: Attempted to use detached Frame '77CD467A088B38FD5B7CA9958E255174'."
"Lepaul E.","Rennes","Error: Attempted to use detached Frame '77CD467A088B38FD5B7CA9958E255174'."
"Sinayoko L.","Auxerre","Error: Attempted to use detached Frame '77CD467A088B38FD5B7CA9958E255174'."
"Kouao K.","Metz","Error: Attempted to use detached Frame '77CD467A088B38FD5B7CA9958E255174'."
"Lopez M.","Paris FC","Error: Attempted to use detached Frame '77CD467A088B38FD5B7CA9958E255174'."
"Tolisso C.","Lyon","Error: Attempted to use detached Frame '77CD467A088B38FD5B7CA9958E255174'."
"Giroud O.","Lille","Error: Attempted to use detached Frame '77CD467A088B38FD5B7CA9958E255174'."
"Namaso D.","Auxerre","Error: Attempted to use detached Frame '77CD467A088B38FD5B7CA9958E255174'."
"Teze J.","Monaco","Error: Attempted to use detached Frame '77CD467A088B38FD5B7CA9958E255174'."
"Weah T.","Marseille","Error: Attempted to use detached Frame '77CD467A088B38FD5B7CA9958E255174'."
"Cherif S.","Angers","Error: Attempted to use detached Frame '77CD467A088B38FD5B7CA9958E255174'."
"McKenzie M.","Toulouse","Error: Attempted to use detached Frame '77CD467A088B38FD5B7CA9958E255174'."
"Sulc P.","Lyon","Error: Attempted to use detached Frame '77CD467A088B38FD5B7CA9958E255174'."
"Doué G.","Strasbourg","Error: Attempted to use detached Frame '77CD467A088B38FD5B7CA9958E255174'."
"Said W.","Lens","Error: Attempted to use detached Frame '77CD467A088B38FD5B7CA9958E255174'."
"Embolo B.","Rennes","Error: Attempted to use detached Frame '77CD467A088B38FD5B7CA9958E255174'."
"Bouaddi A.","Lille","Error: Attempted to use detached Frame '77CD467A088B38FD5B7CA9958E255174'."
"Del Castillo R.","Brest","Error: Attempted to use detached Frame '77CD467A088B38FD5B7CA9958E255174'."
"Barco V.","Strasbourg","Error: Attempted to use detached Frame '77CD467A088B38FD5B7CA9958E255174'."
"Kehrer T.","Monaco","Error: Attempted to use detached Frame '77CD467A088B38FD5B7CA9958E255174'."
"Andre B.","Lille","Error: Attempted to use detached Frame '77CD467A088B38FD5B7CA9958E255174'."
"Aubameyang P.","Marseille","Error: Attempted to use detached Frame '77CD467A088B38FD5B7CA9958E255174'."
"Donnum A.","Toulouse","Error: Attempted to use detached Frame '77CD467A088B38FD5B7CA9958E255174'."
"Tagliafico N.","Lyon","Error: Attempted to use detached Frame '77CD467A088B38FD5B7CA9958E255174'."
"Danois K.","Auxerre","Error: Attempted to use detached Frame '77CD467A088B38FD5B7CA9958E255174'."
"Haraldsson H.","Lille","Error: Attempted to use detached Frame '77CD467A088B38FD5B7CA9958E255174'."
"Ngoy N.","Lille","Error: Attempted to use detached Frame '77CD467A088B38FD5B7CA9958E255174'."
"El Mourabet S.","Strasbourg","Error: Attempted to use detached Frame '77CD467A088B38FD5B7CA9958E255174'."
"Caio Henrique","Monaco","Error: Attempted to use detached Frame '77CD467A088B38FD5B7CA9958E255174'."
"Vanhoutte C.","Nice","Error: Attempted to use detached Frame '77CD467A088B38FD5B7CA9958E255174'."
"Edouard O.","Lens","Error: Attempted to use detached Frame '77CD467A088B38FD5B7CA9958E255174'."
"Mayulu S.","PSG","Error: Attempted to use detached Frame '77CD467A088B38FD5B7CA9958E255174'."
"Aguerd N.","Marseille","Error: Attempted to use detached Frame '77CD467A088B38FD5B7CA9958E255174'."
"Zabarnyi I.","PSG","Error: Attempted to use detached Frame '77CD467A088B38FD5B7CA9958E255174'."
"Cho M.","Nice","Error: Attempted to use detached Frame '77CD467A088B38FD5B7CA9958E255174'."
"Abergel L.","Lorient","Error: Attempted to use detached Frame '77CD467A088B38FD5B7CA9958E255174'."
"Moreira D.","Strasbourg","Error: Attempted to use detached Frame '77CD467A088B38FD5B7CA9958E255174'."
"Kohn P.","Monaco","Error: Attempted to use detached Frame '77CD467A088B38FD5B7CA9958E255174'."
"Sabaly C.","Metz","Error: Attempted to use detached Frame '77CD467A088B38FD5B7CA9958E255174'."
"Avom A.","Lorient","Error: Attempted to use detached Frame '77CD467A088B38FD5B7CA9958E255174'."
"Merlin Q.","Rennes","Error: Attempted to use detached Frame '77CD467A088B38FD5B7CA9958E255174'."
"Pagis P.","Lorient","Error: Attempted to use detached Frame '77CD467A088B38FD5B7CA9958E255174'."
"Mboup P.","Brest","Error: Attempted to use detached Frame '77CD467A088B38FD5B7CA9958E255174'."
"Diomande S.","Auxerre","Error: Attempted to use detached Frame '77CD467A088B38FD5B7CA9958E255174'."
"Tamari M.","Rennes","Error: Attempted to use detached Frame '77CD467A088B38FD5B7CA9958E255174'."
"Yongwa D.","Lorient","Error: Attempted to use detached Frame '77CD467A088B38FD5B7CA9958E255174'."
"Methalie D.","Toulouse","Error: Attempted to use detached Frame '77CD467A088B38FD5B7CA9958E255174'."
"Senaya M.","Auxerre","Error: Attempted to use detached Frame '77CD467A088B38FD5B7CA9958E255174'."
"Enciso J.","Strasbourg","Error: Attempted to use detached Frame '77CD467A088B38FD5B7CA9958E255174'."
"Abdelli H.","Angers","Error: Attempted to use detached Frame '77CD467A088B38FD5B7CA9958E255174'."
"Magri F.","Toulouse","Error: Attempted to use detached Frame '77CD467A088B38FD5B7CA9958E255174'."
"Emersonn","Toulouse","Error: Attempted to use detached Frame '77CD467A088B38FD5B7CA9958E255174'."
"Kvaratskhelia K.","PSG","Error: Attempted to use detached Frame '77CD467A088B38FD5B7CA9958E255174'."
"Sbai A.","Angers","Error: Attempted to use detached Frame '77CD467A088B38FD5B7CA9958E255174'."
"Le Bris T.","Lorient","Error: Attempted to use detached Frame '77CD467A088B38FD5B7CA9958E255174'."
"Diallo H.","Metz","Error: Attempted to use detached Frame '77CD467A088B38FD5B7CA9958E255174'."
"Krasso J.","Paris FC","Error: Attempted to use detached Frame '77CD467A088B38FD5B7CA9958E255174'."
"Moreira A.","Lyon","Error: Attempted to use detached Frame '77CD467A088B38FD5B7CA9958E255174'."
"Ouattara K.","Monaco","Error: Attempted to use detached Frame '77CD467A088B38FD5B7CA9958E255174'."
"Traore B.","Metz","Error: Attempted to use detached Frame '77CD467A088B38FD5B7CA9958E255174'."
"Traore H.","Paris FC","Error: Attempted to use detached Frame '77CD467A088B38FD5B7CA9958E255174'."
"Chilwell B.","Strasbourg","Error: Attempted to use detached Frame '77CD467A088B38FD5B7CA9958E255174'."
"Guindo D.","Brest","Error: Attempted to use detached Frame '77CD467A088B38FD5B7CA9958E255174'."
"Ganiou I.","Lens","Error: Attempted to use detached Frame '77CD467A088B38FD5B7CA9958E255174'."
"Bah J.","Nice","Error: Attempted to use detached Frame '77CD467A088B38FD5B7CA9958E255174'."
"Mensah G.","Auxerre","Error: Attempted to use detached Frame '77CD467A088B38FD5B7CA9958E255174'."
"De Smet T.","Paris FC","Error: Attempted to use detached Frame '77CD467A088B38FD5B7CA9958E255174'."
"El Arabi Y.","Nantes","Error: Attempted to use detached Frame '77CD467A088B38FD5B7CA9958E255174'."
"Cisse D.","Rennes","Error: Attempted to use detached Frame '77CD467A088B38FD5B7CA9958E255174'."
"Correia F.","Lille","Error: Attempted to use detached Frame '77CD467A088B38FD5B7CA9958E255174'."
"Fernandez-Pardo M.","Lille","Error: Attempted to use detached Frame '77CD467A088B38FD5B7CA9958E255174'."
"Seidu A.","Rennes","Error: Attempted to use detached Frame '77CD467A088B38FD5B7CA9958E255174'."
"Doukoure I.","Strasbourg","Error: Attempted to use detached Frame '77CD467A088B38FD5B7CA9958E255174'."
"Balogun F.","Monaco","Error: Attempted to use detached Frame '77CD467A088B38FD5B7CA9958E255174'."
"Makengo J.","Lorient","Error: Attempted to use detached Frame '77CD467A088B38FD5B7CA9958E255174'."
"Ebonog S.","Le Havre","Error: Attempted to use detached Frame '77CD467A088B38FD5B7CA9958E255174'."
"Kwon Hyeok-Kyu","Nantes","Error: Attempted to use detached Frame '77CD467A088B38FD5B7CA9958E255174'."
"Golovin A.","Monaco","Error: Attempted to use detached Frame '77CD467A088B38FD5B7CA9958E255174'."
"Meite B.","Lorient","Error: Attempted to use detached Frame '77CD467A088B38FD5B7CA9958E255174'."
"Cozza N.","Nantes","Error: Attempted to use detached Frame '77CD467A088B38FD5B7CA9958E255174'."
"Coudert G.","Brest","Error: Attempted to use detached Frame '77CD467A088B38FD5B7CA9958E255174'."
"Sy L.","Auxerre","Error: Attempted to use detached Frame '77CD467A088B38FD5B7CA9958E255174'."
"Abner Vinicius","Lyon","Error: Attempted to use detached Frame '77CD467A088B38FD5B7CA9958E255174'."
"Tabibou D.","Nantes","Error: Attempted to use detached Frame '77CD467A088B38FD5B7CA9958E255174'."
"Coulibaly M.","Monaco","Error: Attempted to use detached Frame '77CD467A088B38FD5B7CA9958E255174'."
"Frankowski P.","Rennes","Error: Attempted to use detached Frame '77CD467A088B38FD5B7CA9958E255174'."
"Diatta K.","Monaco","Error: Attempted to use detached Frame '77CD467A088B38FD5B7CA9958E255174'."
"O'Riley M.","Marseille","Error: Attempted to use detached Frame '77CD467A088B38FD5B7CA9958E255174'."
"Casimir J.","Auxerre","Error: Attempted to use detached Frame '77CD467A088B38FD5B7CA9958E255174'."
"El Azzouzi O.","Auxerre","Error: Attempted to use detached Frame '77CD467A088B38FD5B7CA9958E255174'."
"Balerdi L.","Marseille","Error: Attempted to use detached Frame '77CD467A088B38FD5B7CA9958E255174'."
"Sanson M.","Nice","Error: Attempted to use detached Frame '77CD467A088B38FD5B7CA9958E255174'."
"Hernandez L.","PSG","Error: Attempted to use detached Frame '77CD467A088B38FD5B7CA9958E255174'."
"Doumbia K.","Brest","Error: Attempted to use detached Frame '77CD467A088B38FD5B7CA9958E255174'."
"Trapp K.","Paris FC","Error: Attempted to use detached Frame '77CD467A088B38FD5B7CA9958E255174'."
"Majecki R.","Brest","Error: Attempted to use detached Frame '77CD467A088B38FD5B7CA9958E255174'."
"Simon M.","Paris FC","Error: Attempted to use detached Frame '77CD467A088B38FD5B7CA9958E255174'."
"Leroux L.","Nantes","Error: Attempted to use detached Frame '77CD467A088B38FD5B7CA9958E255174'."
"Bentaleb N.","Lille","Error: Attempted to use detached Frame '77CD467A088B38FD5B7CA9958E255174'."
"Lees-Melou P.","Paris FC","Error: Attempted to use detached Frame '77CD467A088B38FD5B7CA9958E255174'."
"Ouattara A.","Strasbourg","Error: Attempted to use detached Frame '77CD467A088B38FD5B7CA9958E255174'."
"Abdi A.","Nice","Error: Attempted to use detached Frame '77CD467A088B38FD5B7CA9958E255174'."
"Satriano M.","Lyon","Error: Attempted to use detached Frame '77CD467A088B38FD5B7CA9958E255174'."
"Mendes N.","PSG","Error: Attempted to use detached Frame '77CD467A088B38FD5B7CA9958E255174'."
"Lee Kang-In","PSG","Error: Attempted to use detached Frame '77CD467A088B38FD5B7CA9958E255174'."
"Matondo R.","Auxerre","Error: Attempted to use detached Frame '77CD467A088B38FD5B7CA9958E255174'."
"Mara S.","Auxerre","Error: Attempted to use detached Frame '77CD467A088B38FD5B7CA9958E255174'."
"Vossah A.","Toulouse","Error: Attempted to use detached Frame '77CD467A088B38FD5B7CA9958E255174'."
"Tessmann T.","Lyon","Error: Attempted to use detached Frame '77CD467A088B38FD5B7CA9958E255174'."
"Locko B.","Brest","Error: Attempted to use detached Frame '77CD467A088B38FD5B7CA9958E255174'."
"Soumano S.","Lorient","Error: Attempted to use detached Frame '77CD467A088B38FD5B7CA9958E255174'."
"Biereth M.","Monaco","Error: Attempted to use detached Frame '77CD467A088B38FD5B7CA9958E255174'."
"Ait Boudlal A.","Rennes","Error: Attempted to use detached Frame '77CD467A088B38FD5B7CA9958E255174'."
"Neves J.","PSG","Error: Attempted to use detached Frame '77CD467A088B38FD5B7CA9958E255174'."
"Vermeeren A.","Marseille","Error: Attempted to use detached Frame '77CD467A088B38FD5B7CA9958E255174'."
"Kechta Y.","Le Havre","Error: Attempted to use detached Frame '77CD467A088B38FD5B7CA9958E255174'."
"Barcola B.","PSG","Error: Attempted to use detached Frame '77CD467A088B38FD5B7CA9958E255174'."
"Minamino T.","Monaco","Error: Attempted to use detached Frame '77CD467A088B38FD5B7CA9958E255174'."
"Ruiz F.","PSG","Error: Attempted to use detached Frame '77CD467A088B38FD5B7CA9958E255174'."
"Murillo M.","Marseille","Error: Attempted to use detached Frame '77CD467A088B38FD5B7CA9958E255174'."
"Mbemba Ch.","Lille","Error: Attempted to use detached Frame '77CD467A088B38FD5B7CA9958E255174'."
"Guirassy B.","Nantes","Error: Attempted to use detached Frame '77CD467A088B38FD5B7CA9958E255174'."
"Nkambadio O.","Paris FC","Error: Attempted to use detached Frame '77CD467A088B38FD5B7CA9958E255174'."
"Chergui S.","Paris FC","Error: Attempted to use detached Frame '77CD467A088B38FD5B7CA9958E255174'."
"Ramos G.","PSG","Error: Attempted to use detached Frame '77CD467A088B38FD5B7CA9958E255174'."
"Karabec A.","Lyon","Error: Attempted to use detached Frame '77CD467A088B38FD5B7CA9958E255174'."
"Marquinhos","PSG","Error: Attempted to use detached Frame '77CD467A088B38FD5B7CA9958E255174'."
"Boudaoui H.","Nice","Error: Attempted to use detached Frame '77CD467A088B38FD5B7CA9958E255174'."
"Karim D.","Lorient","Error: Attempted to use detached Frame '77CD467A088B38FD5B7CA9958E255174'."
"Oppegard F.","Auxerre","Error: Attempted to use detached Frame '77CD467A088B38FD5B7CA9958E255174'."
"Marchetti V.","Paris FC","Error: Attempted to use detached Frame '77CD467A088B38FD5B7CA9958E255174'."
"Labeau Lascary R.","Brest","Error: Attempted to use detached Frame '77CD467A088B38FD5B7CA9958E255174'."
"Abdul Samed S.","Nice","Error: Attempted to use detached Frame '77CD467A088B38FD5B7CA9958E255174'."
"Rouault A.","Rennes","Error: Attempted to use detached Frame '77CD467A088B38FD5B7CA9958E255174'."
"Peter P.","Angers","Error: Attempted to use detached Frame '77CD467A088B38FD5B7CA9958E255174'."
"Louchet T.","Nice","Error: Attempted to use detached Frame '77CD467A088B38FD5B7CA9958E255174'."
"Samatta A.","Le Havre","Error: Attempted to use detached Frame '77CD467A088B38FD5B7CA9958E255174'."
"Lepenant J.","Nantes","Error: Attempted to use detached Frame '77CD467A088B38FD5B7CA9958E255174'."
"Mambimbi F.","Le Havre","Error: Attempted to use detached Frame '77CD467A088B38FD5B7CA9958E255174'."
"Igor Silva","Lorient","Error: Attempted to use detached Frame '77CD467A088B38FD5B7CA9958E255174'."
"Fati A.","Monaco","Error: Attempted to use detached Frame '77CD467A088B38FD5B7CA9958E255174'."
"Godo M.","Strasbourg","Error: Attempted to use detached Frame '77CD467A088B38FD5B7CA9958E255174'."
"Owusu E.","Auxerre","Error: Attempted to use detached Frame '77CD467A088B38FD5B7CA9958E255174'."
"Meite M.","Rennes","Error: Attempted to use detached Frame '77CD467A088B38FD5B7CA9958E255174'."
"Blas L.","Rennes","Error: Attempted to use detached Frame '77CD467A088B38FD5B7CA9958E255174'."
"Merah K.","Lyon","Error: Attempted to use detached Frame '77CD467A088B38FD5B7CA9958E255174'."
"Gory A.","Paris FC","Error: Attempted to use detached Frame '77CD467A088B38FD5B7CA9958E255174'."
"Kluivert R.","Lyon","Error: Attempted to use detached Frame '77CD467A088B38FD5B7CA9958E255174'."
"Sane I.","Metz","Error: Attempted to use detached Frame '77CD467A088B38FD5B7CA9958E255174'."
"Geubbels W.","Paris FC","Error: Attempted to use detached Frame '77CD467A088B38FD5B7CA9958E255174'."
"Sahraoui O.","Lille","Error: Attempted to use detached Frame '77CD467A088B38FD5B7CA9958E255174'."
"Hogsberg L.","Strasbourg","Error: Attempted to use detached Frame '77CD467A088B38FD5B7CA9958E255174'."
"Gomes A.","Marseille","Error: Attempted to use detached Frame '77CD467A088B38FD5B7CA9958E255174'."
"Abdulhamid S.","Lens","Error: Attempted to use detached Frame '77CD467A088B38FD5B7CA9958E255174'."
"Raolisoa L.","Angers","Error: Attempted to use detached Frame '77CD467A088B38FD5B7CA9958E255174'."
"Gradit J.","Lens","Error: Attempted to use detached Frame '77CD467A088B38FD5B7CA9958E255174'."
"Mukau N.","Lille","Error: Attempted to use detached Frame '77CD467A088B38FD5B7CA9958E255174'."
"Amo-Ameyaw S.","Strasbourg","Error: Attempted to use detached Frame '77CD467A088B38FD5B7CA9958E255174'."
"Mostafa Mohamed","Nantes","Error: Attempted to use detached Frame '77CD467A088B38FD5B7CA9958E255174'."
"Sierralta F.","Auxerre","Error: Attempted to use detached Frame '77CD467A088B38FD5B7CA9958E255174'."
"Igamane H.","Lille","Error: Attempted to use detached Frame '77CD467A088B38FD5B7CA9958E255174'."
"Cadiou N.","Lorient","Error: Attempted to use detached Frame '77CD467A088B38FD5B7CA9958E255174'."
"Bamba M.","Lorient","Error: Attempted to use detached Frame '77CD467A088B38FD5B7CA9958E255174'."
"Gouveia T.","Nice","Error: Attempted to use detached Frame '77CD467A088B38FD5B7CA9958E255174'."
"Tousart L.","Brest","Error: Attempted to use detached Frame '77CD467A088B38FD5B7CA9958E255174'."
"Mvuka Mugisha J.","Lorient","Error: Attempted to use detached Frame '77CD467A088B38FD5B7CA9958E255174'."
"Ballo-Toure F.","Metz","Error: Attempted to use detached Frame '77CD467A088B38FD5B7CA9958E255174'."
"Doucoure F.","Le Havre","Error: Attempted to use detached Frame '77CD467A088B38FD5B7CA9958E255174'."
"Osman I.","Auxerre","Error: Attempted to use detached Frame '77CD467A088B38FD5B7CA9958E255174'."
"Diaz Jr. M.","Brest","Error: Attempted to use detached Frame '77CD467A088B38FD5B7CA9958E255174'."
"Dembélé O.","PSG","Error: Attempted to use detached Frame '77CD467A088B38FD5B7CA9958E255174'."
"Omobamidele A.","Strasbourg","Error: Attempted to use detached Frame '77CD467A088B38FD5B7CA9958E255174'."
"Messali R.","Toulouse","Error: Attempted to use detached Frame '77CD467A088B38FD5B7CA9958E255174'."
"Mbappé E.","Lille","Error: Attempted to use detached Frame '77CD467A088B38FD5B7CA9958E255174'."
"Mbaye I.","PSG","Error: Attempted to use detached Frame '77CD467A088B38FD5B7CA9958E255174'."
"Hakimi A.","PSG","Error: Attempted to use detached Frame '77CD467A088B38FD5B7CA9958E255174'."
"Doué D.","PSG","Error: Attempted to use detached Frame '77CD467A088B38FD5B7CA9958E255174'."
"Nadir B.","Marseille","Error: Attempted to use detached Frame '77CD467A088B38FD5B7CA9958E255174'."
"Sangui N.","Paris FC","Error: Attempted to use detached Frame '77CD467A088B38FD5B7CA9958E255174'."
"Dina Ebimbe J.","Brest","Error: Attempted to use detached Frame '77CD467A088B38FD5B7CA9958E255174'."
"Sane S.","Metz","Error: Attempted to use detached Frame '77CD467A088B38FD5B7CA9958E255174'."
"Camara L.","Monaco","Error: Attempted to use detached Frame '77CD467A088B38FD5B7CA9958E255174'."
"Vanderson","Monaco","Error: Attempted to use detached Frame '77CD467A088B38FD5B7CA9958E255174'."
"Hradecký L.","Monaco","Error: Attempted to use detached Frame '77CD467A088B38FD5B7CA9958E255174'."
"Kevin","Nice","Error: Attempted to use detached Frame '77CD467A088B38FD5B7CA9958E255174'."
"Vaz R.","Marseille","Error: Attempted to use detached Frame '77CD467A088B38FD5B7CA9958E255174'."
"Verdonk C.","Lille","Error: Attempted to use detached Frame '77CD467A088B38FD5B7CA9958E255174'."
"Tosin A.","Lorient","Error: Attempted to use detached Frame '77CD467A088B38FD5B7CA9958E255174'."
"Hanin F.","Angers","Error: Attempted to use detached Frame '77CD467A088B38FD5B7CA9958E255174'."
"Hidalgo S.","Toulouse","Error: Attempted to use detached Frame '77CD467A088B38FD5B7CA9958E255174'."
"Ndjantou Q.","PSG","Error: Attempted to use detached Frame '77CD467A088B38FD5B7CA9958E255174'."
"Boga J.","Nice","Error: Attempted to use detached Frame '77CD467A088B38FD5B7CA9958E255174'."
"Moffi T.","Nice","Error: Attempted to use detached Frame '77CD467A088B38FD5B7CA9958E255174'."
"Bulatovic A.","Lens","Error: Attempted to use detached Frame '77CD467A088B38FD5B7CA9958E255174'."
"Zakaria D.","Monaco","Error: Attempted to use detached Frame '77CD467A088B38FD5B7CA9958E255174'."
"Baldé M.","Brest","Error: Attempted to use detached Frame '77CD467A088B38FD5B7CA9958E255174'."
"Kyeremeh G.","Le Havre","Error: Attempted to use detached Frame '77CD467A088B38FD5B7CA9958E255174'."
"Ikone J.","Paris FC","Error: Attempted to use detached Frame '77CD467A088B38FD5B7CA9958E255174'."
"Hateboer H.","Lyon","Error: Attempted to use detached Frame '77CD467A088B38FD5B7CA9958E255174'."
"Beraldo L.","PSG","Error: Attempted to use detached Frame '77CD467A088B38FD5B7CA9958E255174'."
"Francis A.","Toulouse","Error: Attempted to use detached Frame '77CD467A088B38FD5B7CA9958E255174'."
"Jansson I.","Nice","Error: Attempted to use detached Frame '77CD467A088B38FD5B7CA9958E255174'."
"Fofana R.","Lens","Error: Attempted to use detached Frame '77CD467A088B38FD5B7CA9958E255174'."
"Ilenikhena G.","Monaco","Error: Attempted to use detached Frame '77CD467A088B38FD5B7CA9958E255174'."
"Kolodziejczak T.","Paris FC","Error: Attempted to use detached Frame '77CD467A088B38FD5B7CA9958E255174'."
"Fofana S.","Rennes","Error: Attempted to use detached Frame '77CD467A088B38FD5B7CA9958E255174'."
"Nanasi S.","Strasbourg","Error: Attempted to use detached Frame '77CD467A088B38FD5B7CA9958E255174'."
"Gouiri A.","Marseille","Error: Attempted to use detached Frame '77CD467A088B38FD5B7CA9958E255174'."
"de Carvalho M.","Lyon","Error: Attempted to use detached Frame '77CD467A088B38FD5B7CA9958E255174'."
"Courcoul M.","Angers","Error: Attempted to use detached Frame '77CD467A088B38FD5B7CA9958E255174'."
"Egan-Riley C.","Marseille","Error: Attempted to use detached Frame '77CD467A088B38FD5B7CA9958E255174'."
"Dupe M.","Nice","Error: Attempted to use detached Frame '77CD467A088B38FD5B7CA9958E255174'."
"Lahdo M.","Nantes","Error: Attempted to use detached Frame '77CD467A088B38FD5B7CA9958E255174'."
"Namli Y.","Le Havre","Error: Attempted to use detached Frame '77CD467A088B38FD5B7CA9958E255174'."
"Emegha E.","Strasbourg","Error: Attempted to use detached Frame '77CD467A088B38FD5B7CA9958E255174'."
"Kamanzi W.","Toulouse","Error: Attempted to use detached Frame '77CD467A088B38FD5B7CA9958E255174'."
"Machado D.","Nantes","Error: Attempted to use detached Frame '77CD467A088B38FD5B7CA9958E255174'."
"Djibirin H.","Angers","Error: Attempted to use detached Frame '77CD467A088B38FD5B7CA9958E255174'."
"Paez K.","Strasbourg","Error: Attempted to use detached Frame '77CD467A088B38FD5B7CA9958E255174'."
"Youte Kinkoue E.","Le Havre","Error: Attempted to use detached Frame '77CD467A088B38FD5B7CA9958E255174'."
"Guilavogui M.","Lens","Error: Attempted to use detached Frame '77CD467A088B38FD5B7CA9958E255174'."
"Quetant K.","Le Havre","Error: Attempted to use detached Frame '77CD467A088B38FD5B7CA9958E255174'."
"Dieng B.","Lorient","Error: Attempted to use detached Frame '77CD467A088B38FD5B7CA9958E255174'."
"Fofana M.","Lyon","Error: Attempted to use detached Frame '77CD467A088B38FD5B7CA9958E255174'."
"Coulibaly L.","Auxerre","Error: Attempted to use detached Frame '77CD467A088B38FD5B7CA9958E255174'."
"Medina F.","Marseille","Error: Attempted to use detached Frame '77CD467A088B38FD5B7CA9958E255174'."
"Deuff B.","Nantes","Error: Attempted to use detached Frame '77CD467A088B38FD5B7CA9958E255174'."
"Asoro J.","Metz","Error: Attempted to use detached Frame '77CD467A088B38FD5B7CA9958E255174'."
"Sauer M.","Toulouse","Error: Attempted to use detached Frame '77CD467A088B38FD5B7CA9958E255174'."
"Dier E.","Monaco","Error: Attempted to use detached Frame '77CD467A088B38FD5B7CA9958E255174'."
"Bokele Mputu M.","Metz","Error: Attempted to use detached Frame '77CD467A088B38FD5B7CA9958E255174'."
"Sima A.","Lens","Error: Attempted to use detached Frame '77CD467A088B38FD5B7CA9958E255174'."
"Abuashvili G.","Metz","Error: Attempted to use detached Frame '77CD467A088B38FD5B7CA9958E255174'."
"Cabella R.","Nantes","Error: Attempted to use detached Frame '77CD467A088B38FD5B7CA9958E255174'."
"Ollila T.","Paris FC","Error: Attempted to use detached Frame '77CD467A088B38FD5B7CA9958E255174'."
"Mbaye M.","Metz","Error: Attempted to use detached Frame '77CD467A088B38FD5B7CA9958E255174'."
"Lemaréchal F.","Strasbourg","Error: Attempted to use detached Frame '77CD467A088B38FD5B7CA9958E255174'."
"Kondogbia G.","Marseille","Error: Attempted to use detached Frame '77CD467A088B38FD5B7CA9958E255174'."
"Santos T.","Lille","Error: Attempted to use detached Frame '77CD467A088B38FD5B7CA9958E255174'."
"Khadra R.","Le Havre","Error: Attempted to use detached Frame '77CD467A088B38FD5B7CA9958E255174'."
"Benhattab Y.","Nantes","Error: Attempted to use detached Frame '77CD467A088B38FD5B7CA9958E255174'."
"Diousse A.","Auxerre","Error: Attempted to use detached Frame '77CD467A088B38FD5B7CA9958E255174'."
"Wahi E.","Nice","Error: Attempted to use detached Frame '77CD467A088B38FD5B7CA9958E255174'."
"Mawissa C.","Monaco","Error: Attempted to use detached Frame '77CD467A088B38FD5B7CA9958E255174'."
"Safonov M.","PSG","Error: Attempted to use detached Frame '77CD467A088B38FD5B7CA9958E255174'."
"Mpasi-Nzau L.","Le Havre","Error: Attempted to use detached Frame '77CD467A088B38FD5B7CA9958E255174'."
"Zinga M.","Angers","Error: Attempted to use detached Frame '77CD467A088B38FD5B7CA9958E255174'."
"De Lange J.","Marseille","Error: Attempted to use detached Frame '77CD467A088B38FD5B7CA9958E255174'."
"Bodart A.","Lille","Error: Attempted to use detached Frame '77CD467A088B38FD5B7CA9958E255174'."
"Traore H. J.","Marseille","Error: Attempted to use detached Frame '77CD467A088B38FD5B7CA9958E255174'."
"Machine L.","Angers","Error: Attempted to use detached Frame '77CD467A088B38FD5B7CA9958E255174'."
"Demba P.","Toulouse","Error: Attempted to use detached Frame '77CD467A088B38FD5B7CA9958E255174'."
"Broholm M.","Lille","Error: Attempted to use detached Frame '77CD467A088B38FD5B7CA9958E255174'."
"Mboula U.","Metz","Error: Attempted to use detached Frame '77CD467A088B38FD5B7CA9958E255174'."
"Sissoko I.","Nantes","Error: Attempted to use detached Frame '77CD467A088B38FD5B7CA9958E255174'."
"Kalumba J.","Angers","Error: Attempted to use detached Frame '77CD467A088B38FD5B7CA9958E255174'."
"Idumbo S.","Monaco","Error: Attempted to use detached Frame '77CD467A088B38FD5B7CA9958E255174'."
"Ndombele T.","Nice","Error: Attempted to use detached Frame '77CD467A088B38FD5B7CA9958E255174'."
"Centonze F.","Nantes","Error: Attempted to use detached Frame '77CD467A088B38FD5B7CA9958E255174'."
"Coquelin F.","Nantes","Error: Attempted to use detached Frame '77CD467A088B38FD5B7CA9958E255174'."
"Hong Hyun-Seok","Nantes","Error: Attempted to use detached Frame '77CD467A088B38FD5B7CA9958E255174'."
"Amougou M.","Strasbourg","Error: Attempted to use detached Frame '77CD467A088B38FD5B7CA9958E255174'."
"Bombito M.","Nice","Error: Attempted to use detached Frame '77CD467A088B38FD5B7CA9958E255174'."
"Cafaro M.","Paris FC","Error: Attempted to use detached Frame '77CD467A088B38FD5B7CA9958E255174'."
"Ghezzal R.","Lyon","Error: Attempted to use detached Frame '77CD467A088B38FD5B7CA9958E255174'."
"Pereira E.","Nice","Error: Attempted to use detached Frame '77CD467A088B38FD5B7CA9958E255174'."
"Faye A.","Lorient","Error: Attempted to use detached Frame '77CD467A088B38FD5B7CA9958E255174'."
"Ahamada N.","Auxerre","Error: Attempted to use detached Frame '77CD467A088B38FD5B7CA9958E255174'."
"Nguene B.","Nice","Error: Attempted to use detached Frame '77CD467A088B38FD5B7CA9958E255174'."
"Biumla E.","Angers","Error: Attempted to use detached Frame '77CD467A088B38FD5B7CA9958E255174'."
"Stambouli B.","Metz","Error: Attempted to use detached Frame '77CD467A088B38FD5B7CA9958E255174'."
"Allevinah J.","Angers","Error: Attempted to use detached Frame '77CD467A088B38FD5B7CA9958E255174'."
"Bamba A.","Monaco","Error: Attempted to use detached Frame '77CD467A088B38FD5B7CA9958E255174'."
"Adjei N.","Lorient","Error: Attempted to use detached Frame '77CD467A088B38FD5B7CA9958E255174'."
"Edjouma N.","Toulouse","Error: Attempted to use detached Frame '77CD467A088B38FD5B7CA9958E255174'."
"Garcia U.","Marseille","Error: Attempted to use detached Frame '77CD467A088B38FD5B7CA9958E255174'."
"Faes W.","Monaco","Error: Attempted to use detached Frame '77CD467A088B38FD5B7CA9958E255174'."
"Delaine T.","Le Havre","Error: Attempted to use detached Frame '77CD467A088B38FD5B7CA9958E255174'."
"Luis R.","Strasbourg","Error: Attempted to use detached Frame '77CD467A088B38FD5B7CA9958E255174'."
"Bakwa D.","Strasbourg","Error: Attempted to use detached Frame '77CD467A088B38FD5B7CA9958E255174'."
"Zogbé L.","Brest","Error: Attempted to use detached Frame '77CD467A088B38FD5B7CA9958E255174'."
"Obougou N.","Le Havre","Error: Attempted to use detached Frame '77CD467A088B38FD5B7CA9958E255174'."
"Sotoca F.","Lens","Error: Attempted to use detached Frame '77CD467A088B38FD5B7CA9958E255174'."
"Carlgren P.","Nantes","Error: Attempted to use detached Frame '77CD467A088B38FD5B7CA9958E255174'."
"Argney P.","Le Havre","Error: Attempted to use detached Frame '77CD467A088B38FD5B7CA9958E255174'."
"Gourna-Douath L.","Le Havre","Error: Attempted to use detached Frame '77CD467A088B38FD5B7CA9958E255174'."
"Mantsounga B.","Nice","Error: Attempted to use detached Frame '77CD467A088B38FD5B7CA9958E255174'."
"Endrick","Lyon","Error: Attempted to use detached Frame '77CD467A088B38FD5B7CA9958E255174'."
"Makalou H.","Brest","Error: Attempted to use detached Frame '77CD467A088B38FD5B7CA9958E255174'."
"Nagida M.","Rennes","Error: Attempted to use detached Frame '77CD467A088B38FD5B7CA9958E255174'."
"Koleosho L.","Paris FC","Error: Attempted to use detached Frame '77CD467A088B38FD5B7CA9958E255174'."
"Sy P.","Metz","Error: Attempted to use detached Frame '77CD467A088B38FD5B7CA9958E255174'."
"Mosengo D. N.","Le Havre","Error: Attempted to use detached Frame '77CD467A088B38FD5B7CA9958E255174'."
"Dante","Nice","Error: Attempted to use detached Frame '77CD467A088B38FD5B7CA9958E255174'."
"Capelle P.","Angers","Error: Attempted to use detached Frame '77CD467A088B38FD5B7CA9958E255174'."
"Timber Q.","Marseille","Error: Attempted to use detached Frame '77CD467A088B38FD5B7CA9958E255174'."
"Diaoune S.","Lille","Error: Attempted to use detached Frame '77CD467A088B38FD5B7CA9958E255174'."
"Cabral P.","Monaco","Error: Attempted to use detached Frame '77CD467A088B38FD5B7CA9958E255174'."
"Bakola D.","Marseille","Error: Attempted to use detached Frame '77CD467A088B38FD5B7CA9958E255174'."
"Koumbassa S.","Toulouse","Error: Attempted to use detached Frame '77CD467A088B38FD5B7CA9958E255174'."
"Zagadou S.","Le Havre","Error: Attempted to use detached Frame '77CD467A088B38FD5B7CA9958E255174'."
"Vignolo J.","Toulouse","Error: Attempted to use detached Frame '77CD467A088B38FD5B7CA9958E255174'."
"Dicko N.","Paris FC","Error: Attempted to use detached Frame '77CD467A088B38FD5B7CA9958E255174'."
"Nwaneri E.","Marseille","Error: Attempted to use detached Frame '77CD467A088B38FD5B7CA9958E255174'."
"Doucet L.","Paris FC","Error: Attempted to use detached Frame '77CD467A088B38FD5B7CA9958E255174'."
"Pembele T.","Le Havre","Error: Attempted to use detached Frame '77CD467A088B38FD5B7CA9958E255174'."
"Michal L.","Monaco","Error: Attempted to use detached Frame '77CD467A088B38FD5B7CA9958E255174'."
"Le Cardinal J.","Brest","Error: Attempted to use detached Frame '77CD467A088B38FD5B7CA9958E255174'."
"Cornelius D.","Marseille","Error: Attempted to use detached Frame '77CD467A088B38FD5B7CA9958E255174'."
"Bermont A.","Lens","Error: Attempted to use detached Frame '77CD467A088B38FD5B7CA9958E255174'."
"Nzingoula R.","Strasbourg","Error: Attempted to use detached Frame '77CD467A088B38FD5B7CA9958E255174'."
"Vinette E. K.","Le Havre","Error: Attempted to use detached Frame '77CD467A088B38FD5B7CA9958E255174'."
"Wooh C.","Rennes","Error: Attempted to use detached Frame '77CD467A088B38FD5B7CA9958E255174'."
"Munetsi M.","Paris FC","Error: Attempted to use detached Frame '77CD467A088B38FD5B7CA9958E255174'."
"Brunner P.","Monaco","Error: Attempted to use detached Frame '77CD467A088B38FD5B7CA9958E255174'."
"Kamara G.","Rennes","Error: Attempted to use detached Frame '77CD467A088B38FD5B7CA9958E255174'."
"Szymanski S.","Rennes","Error: Attempted to use detached Frame '77CD467A088B38FD5B7CA9958E255174'."
"Doucoure S.","Nantes","Error: Attempted to use detached Frame '77CD467A088B38FD5B7CA9958E255174'."
"Boudache K.","Nice","Error: Attempted to use detached Frame '77CD467A088B38FD5B7CA9958E255174'."
"Ben Seghir E.","Monaco","Error: Attempted to use detached Frame '77CD467A088B38FD5B7CA9958E255174'."
"Gueye I.","Metz","Error: Attempted to use detached Frame '77CD467A088B38FD5B7CA9958E255174'."
"Lopez J.","Paris FC","Error: Attempted to use detached Frame '77CD467A088B38FD5B7CA9958E255174'."
"Legendre E.","Rennes","Error: Attempted to use detached Frame '77CD467A088B38FD5B7CA9958E255174'."
"Goffi A.","Lille","Error: Attempted to use detached Frame '77CD467A088B38FD5B7CA9958E255174'."
"Boufal S.","Le Havre","Error: Attempted to use detached Frame '77CD467A088B38FD5B7CA9958E255174'."
"Salah I.","Rennes","Error: Attempted to use detached Frame '77CD467A088B38FD5B7CA9958E255174'."
"Lirola P.","Marseille","Error: Attempted to use detached Frame '77CD467A088B38FD5B7CA9958E255174'."
"Pogba P.","Monaco","Error: Attempted to use detached Frame '77CD467A088B38FD5B7CA9958E255174'."
"Kaba M.","Nantes","Error: Attempted to use detached Frame '77CD467A088B38FD5B7CA9958E255174'."
"Mangala O.","Lyon","Error: Attempted to use detached Frame '77CD467A088B38FD5B7CA9958E255174'."
"van den Boomen B.","Angers","Error: Attempted to use detached Frame '77CD467A088B38FD5B7CA9958E255174'."
"Melieres C.","Metz","Error: Attempted to use detached Frame '77CD467A088B38FD5B7CA9958E255174'."
"Munongo B.","Metz","Error: Attempted to use detached Frame '77CD467A088B38FD5B7CA9958E255174'."
"Mukiele N.","Rennes","Error: Attempted to use detached Frame '77CD467A088B38FD5B7CA9958E255174'."
"Rosario P.","Nice","Error: Attempted to use detached Frame '77CD467A088B38FD5B7CA9958E255174'."
"Ganago I.","Nantes","Error: Attempted to use detached Frame '77CD467A088B38FD5B7CA9958E255174'."
"Pizarro D.","Le Havre","Error: Attempted to use detached Frame '77CD467A088B38FD5B7CA9958E255174'."
"Katseris P.","Lorient","Error: Attempted to use detached Frame '77CD467A088B38FD5B7CA9958E255174'."
"Guerti I.","Metz","Error: Attempted to use detached Frame '77CD467A088B38FD5B7CA9958E255174'."
"Rodin R.","Auxerre","Error: Attempted to use detached Frame '77CD467A088B38FD5B7CA9958E255174'."
"Koyalipou G.","Angers","Error: Attempted to use detached Frame '77CD467A088B38FD5B7CA9958E255174'."
"Radakovic U.","Nantes","Error: Attempted to use detached Frame '77CD467A088B38FD5B7CA9958E255174'."
"Faivre R.","Auxerre","Error: Attempted to use detached Frame '77CD467A088B38FD5B7CA9958E255174'."
"Burlet V.","Lille","Error: Attempted to use detached Frame '77CD467A088B38FD5B7CA9958E255174'."
"Madjo B.","Metz","Error: Attempted to use detached Frame '77CD467A088B38FD5B7CA9958E255174'."
"Bouanani B.","Nice","Error: Attempted to use detached Frame '77CD467A088B38FD5B7CA9958E255174'."
"Bourgault J.","Brest","Error: Attempted to use detached Frame '77CD467A088B38FD5B7CA9958E255174'."
"Louer M.","Angers","Error: Attempted to use detached Frame '77CD467A088B38FD5B7CA9958E255174'."
"Mmadi T.","Marseille","Error: Attempted to use detached Frame '77CD467A088B38FD5B7CA9958E255174'."
"Alexsandro","Lille","Error: Attempted to use detached Frame '77CD467A088B38FD5B7CA9958E255174'."
"Acapandie M.","Nantes","Error: Attempted to use detached Frame '77CD467A088B38FD5B7CA9958E255174'."
"Camblan A.","Brest","Error: Attempted to use detached Frame '77CD467A088B38FD5B7CA9958E255174'."
"Jangeal M.","PSG","Error: Attempted to use detached Frame '77CD467A088B38FD5B7CA9958E255174'."
"Diallo Z.","Nice","Error: Attempted to use detached Frame '77CD467A088B38FD5B7CA9958E255174'."
"Molebe E.","Lyon","Error: Attempted to use detached Frame '77CD467A088B38FD5B7CA9958E255174'."
"Bair T.","Auxerre","Error: Attempted to use detached Frame '77CD467A088B38FD5B7CA9958E255174'."
"Himbert R.","Lyon","Error: Attempted to use detached Frame '77CD467A088B38FD5B7CA9958E255174'."
"Nsoki N.","PSG","Error: Attempted to use detached Frame '77CD467A088B38FD5B7CA9958E255174'."
"Hamel P.","Paris FC","Error: Attempted to use detached Frame '77CD467A088B38FD5B7CA9958E255174'."
"Faye M.","Rennes","Error: Attempted to use detached Frame '77CD467A088B38FD5B7CA9958E255174'."
"Rieder F.","Rennes","Error: Attempted to use detached Frame '77CD467A088B38FD5B7CA9958E255174'."
"Saka M.","Toulouse","Error: Attempted to use detached Frame '77CD467A088B38FD5B7CA9958E255174'."
"Nduquidi J.","Metz","Error: Attempted to use detached Frame '77CD467A088B38FD5B7CA9958E255174'."
"Okoh B.","Auxerre","Error: Attempted to use detached Frame '77CD467A088B38FD5B7CA9958E255174'."
"Hamdani A.","Lyon","Error: Attempted to use detached Frame '77CD467A088B38FD5B7CA9958E255174'."
"Le Guen R.","Brest","Error: Attempted to use detached Frame '77CD467A088B38FD5B7CA9958E255174'."
"Devernois T.","Auxerre","Error: Attempted to use detached Frame '77CD467A088B38FD5B7CA9958E255174'."
"Mbala N.","Metz","Error: Attempted to use detached Frame '77CD467A088B38FD5B7CA9958E255174'."
"Sylla F.","Lens","Error: Attempted to use detached Frame '77CD467A088B38FD5B7CA9958E255174'."
"Yassine G.","Strasbourg","Error: Attempted to use detached Frame '77CD467A088B38FD5B7CA9958E255174'."
"Raghouber U.","Lille","Error: Attempted to use detached Frame '77CD467A088B38FD5B7CA9958E255174'."
"Yildirim B.","Rennes","Error: Attempted to use detached Frame '77CD467A088B38FD5B7CA9958E255174'."
"Dao M.","Paris FC","Error: Attempted to use detached Frame '77CD467A088B38FD5B7CA9958E255174'."
"Maupay N.","Marseille","Error: Attempted to use detached Frame '77CD467A088B38FD5B7CA9958E255174'."
"Bernardeau G.","Nice","Error: Attempted to use detached Frame '77CD467A088B38FD5B7CA9958E255174'."
"Sylla A.","Strasbourg","Error: Attempted to use detached Frame '77CD467A088B38FD5B7CA9958E255174'."
"Luis Enrique","PSG","Error: Attempted to use detached Frame '77CD467A088B38FD5B7CA9958E255174'."
"Gilli S.","Paris FC","Error: Attempted to use detached Frame '77CD467A088B38FD5B7CA9958E255174'."
"Pelissier C.","Auxerre","Error: Attempted to use detached Frame '77CD467A088B38FD5B7CA9958E255174'."
"Siwe T.","Auxerre","Error: Attempted to use detached Frame '77CD467A088B38FD5B7CA9958E255174'."
"Cissokho M.","Auxerre","Error: Attempted to use detached Frame '77CD467A088B38FD5B7CA9958E255174'."
"De Percin T.","Auxerre","Error: Attempted to use detached Frame '77CD467A088B38FD5B7CA9958E255174'."
"Osho G.","Auxerre","Error: Attempted to use detached Frame '77CD467A088B38FD5B7CA9958E255174'."
"Digard D.","Le Havre","Error: Attempted to use detached Frame '77CD467A088B38FD5B7CA9958E255174'."
"Dujeux A.","Angers","Error: Attempted to use detached Frame '77CD467A088B38FD5B7CA9958E255174'."
"Pocognoli S.","Monaco","Error: Attempted to use detached Frame '77CD467A088B38FD5B7CA9958E255174'."
"Bley M.","Lorient","Error: Attempted to use detached Frame '77CD467A088B38FD5B7CA9958E255174'."
"Mendy F.","Lorient","Error: Attempted to use detached Frame '77CD467A088B38FD5B7CA9958E255174'."
"Le Mignan S.","Metz","Error: Attempted to use detached Frame '77CD467A088B38FD5B7CA9958E255174'."
"De Zerbi R.","Marseille","Error: Attempted to use detached Frame '77CD467A088B38FD5B7CA9958E255174'."
"Rabiot A.","Marseille","Error: Attempted to use detached Frame '77CD467A088B38FD5B7CA9958E255174'."
"Rowe J.","Marseille","Error: Attempted to use detached Frame '77CD467A088B38FD5B7CA9958E255174'."
"Castro L.","Nantes","Error: Attempted to use detached Frame '77CD467A088B38FD5B7CA9958E255174'."
"Ali Youssef","Nantes","Error: Attempted to use detached Frame '77CD467A088B38FD5B7CA9958E255174'."
"Genesio B.","Lille","Error: Attempted to use detached Frame '77CD467A088B38FD5B7CA9958E255174'."
"Toure O.","Lille","Error: Attempted to use detached Frame '77CD467A088B38FD5B7CA9958E255174'."
"Rosier L.","Rennes","Error: Attempted to use detached Frame '77CD467A088B38FD5B7CA9958E255174'."
"Beye H.","Rennes","Error: Attempted to use detached Frame '77CD467A088B38FD5B7CA9958E255174'."
"Descamps R.","Rennes","Error: Attempted to use detached Frame '77CD467A088B38FD5B7CA9958E255174'."
"Koutoune H.","Nice","Error: Attempted to use detached Frame '77CD467A088B38FD5B7CA9958E255174'."
"Brahimi B.","Nice","Error: Attempted to use detached Frame '77CD467A088B38FD5B7CA9958E255174'."
"Rosenior L.","Strasbourg","Error: Attempted to use detached Frame '77CD467A088B38FD5B7CA9958E255174'."
"Nartey N.","Lyon","Error: Attempted to use detached Frame '77CD467A088B38FD5B7CA9958E255174'."
"Mikautadze G.","Lyon","Error: Attempted to use detached Frame '77CD467A088B38FD5B7CA9958E255174'."
"Kumbedi S.","Lyon","Error: Attempted to use detached Frame '77CD467A088B38FD5B7CA9958E255174'."
"Martinez C.","Toulouse","Error: Attempted to use detached Frame '77CD467A088B38FD5B7CA9958E255174'."
"Canvot J.","Toulouse","Error: Attempted to use detached Frame '77CD467A088B38FD5B7CA9958E255174'."
"Antonio K.","Lens","Error: Attempted to use detached Frame '77CD467A088B38FD5B7CA9958E255174'."
"Pizarro D.","Le Havre","Extraction Failed"
"Okoh B.","Auxerre","Extraction Failed"
"Luis Enrique","PSG","Extraction Failed"
"Gilli S.","Paris FC","Extraction Failed"
"Pelissier C.","Auxerre","Extraction Failed"
"Digard D.","Le Havre","Extraction Failed"
"Dujeux A.","Angers","Extraction Failed"
"Pocognoli S.","Monaco","Extraction Failed"
"Le Mignan S.","Metz","Extraction Failed"
"De Zerbi R.","Marseille","Extraction Failed"
"Castro L.","Nantes","Extraction Failed"
"Genesio B.","Lille","Extraction Failed"
"Beye H.","Rennes","Extraction Failed"
"Rosenior L.","Strasbourg","Extraction Failed"
"Martinez C.","Toulouse","Extraction Failed"
"Sarr M.","Strasbourg","No Search Results"
"Seko A.","Le Havre","No Search Results"
"Chotard J.","Brest","No Search Results"
"Lefort J.","Angers","No Search Results"
"Sarr M.","Strasbourg","No Search Results"
"Seko A.","Le Havre","No Search Results"
"Chotard J.","Brest","No Search Results"
"Lefort J.","Angers","No Search Results"
"Samba B.","Rennes","No Search Results"
"Greif D.","Lyon","No Search Results"
"Risser R.","Lens","No Search Results"
"Udol M.","Lens","No Search Results"
"Sarr M.","Strasbourg","No Search Results"
"Seko A.","Le Havre","No Search Results"
"Chotard J.","Brest","No Search Results"
"Lefort J.","Angers","No Search Results"
"Samba B.","Rennes","No Search Results"
"Greif D.","Lyon","No Search Results"
"Risser R.","Lens","No Search Results"
"Udol M.","Lens","No Search Results"
"Abline M.","Nantes","No Search Results"
"Belkebla H.","Angers","No Search Results"
"Camara M.","Rennes","No Search Results"
"Baidoo S.","Lens","No Search Results"
"Zaïre-Emery W.","PSG","No Search Results"
"Fischer J.","Metz","No Search Results"
"Thauvin F.","Lens","No Search Results"
"Leon D.","Auxerre","No Search Results"
"Amian K.","Nantes","No Search Results"
"Rongier V.","Rennes","No Search Results"
"Restes G.","Toulouse","No Search Results"
"Cresswell C.","Toulouse","No Search Results"
"Morton T.","Lyon","No Search Results"
"Lala K.","Brest","No Search Results"
"Hojbjerg P.","Marseille","Error: Runtime.callFunctionOn timed out. Increase the 'protocolTimeout' setting in launch/connect calls for a higher timeout if needed."
"Ekomie J.","Angers","Error: Runtime.callFunctionOn timed out. Increase the 'protocolTimeout' setting in launch/connect calls for a higher timeout if needed."
"Thomasson A.","Lens","Error: Runtime.callFunctionOn timed out. Increase the 'protocolTimeout' setting in launch/connect calls for a higher timeout if needed."
"Diop S.","Nice","Error: Runtime.callFunctionOn timed out. Increase the 'protocolTimeout' setting in launch/connect calls for a higher timeout if needed."
"Gbamin J.","Metz","Error: Runtime.callFunctionOn timed out. Increase the 'protocolTimeout' setting in launch/connect calls for a higher timeout if needed."
"Mwanga J.","Nantes","Error: Runtime.callFunctionOn timed out. Increase the 'protocolTimeout' setting in launch/connect calls for a higher timeout if needed."
"Hein G.","Metz","Error: Runtime.callFunctionOn timed out. Increase the 'protocolTimeout' setting in launch/connect calls for a higher timeout if needed."
"Ndiaye R.","Le Havre","Error: Runtime.callFunctionOn timed out. Increase the 'protocolTimeout' setting in launch/connect calls for a higher timeout if needed."
"Camara A.","Paris FC","Error: Runtime.callFunctionOn timed out. Increase the 'protocolTimeout' setting in launch/connect calls for a higher timeout if needed."
"Paixao I.","Marseille","Error: Runtime.callFunctionOn timed out. Increase the 'protocolTimeout' setting in launch/connect calls for a higher timeout if needed."
"Chevalier L.","PSG","Error: Runtime.callFunctionOn timed out. Increase the 'protocolTimeout' setting in launch/connect calls for a higher timeout if needed."
"Coulibaly S.","Brest","Error: Runtime.callFunctionOn timed out. Increase the 'protocolTimeout' setting in launch/connect calls for a higher timeout if needed."
"Diaw M.","Le Havre","Error: Runtime.callFunctionOn timed out. Increase the 'protocolTimeout' setting in launch/connect calls for a higher timeout if needed."
"Salisu M.","Monaco","Error: Runtime.callFunctionOn timed out. Increase the 'protocolTimeout' setting in launch/connect calls for a higher timeout if needed."
"Talbi M.","Lorient","Error: Runtime.callFunctionOn timed out. Increase the 'protocolTimeout' setting in launch/connect calls for a higher timeout if needed."
"Yegbe T.","Metz","Error: Runtime.callFunctionOn timed out. Increase the 'protocolTimeout' setting in launch/connect calls for a higher timeout if needed."
"Tsitaishvili G.","Metz","Error: Runtime.callFunctionOn timed out. Increase the 'protocolTimeout' setting in launch/connect calls for a higher timeout if needed."
"Mendy A.","Nice","Error: Runtime.callFunctionOn timed out. Increase the 'protocolTimeout' setting in launch/connect calls for a higher timeout if needed."
"Panichelli J.","Strasbourg","Error: Runtime.callFunctionOn timed out. Increase the 'protocolTimeout' setting in launch/connect calls for a higher timeout if needed."
"Lloris G.","Le Havre","Error: Runtime.callFunctionOn timed out. Increase the 'protocolTimeout' setting in launch/connect calls for a higher timeout if needed."
"Awaziem C.","Nantes","Error: Runtime.callFunctionOn timed out. Increase the 'protocolTimeout' setting in launch/connect calls for a higher timeout if needed."
"Mouton L.","Angers","Error: Runtime.callFunctionOn timed out. Increase the 'protocolTimeout' setting in launch/connect calls for a higher timeout if needed."
"Peprah K.","Nice","Error: Runtime.callFunctionOn timed out. Increase the 'protocolTimeout' setting in launch/connect calls for a higher timeout if needed."
"Pavard B.","Marseille","Error: Runtime.callFunctionOn timed out. Increase the 'protocolTimeout' setting in launch/connect calls for a higher timeout if needed."
"Aguilar R.","Lens","No Search Results"
"Sidibe D.","Toulouse","Error: Runtime.callFunctionOn timed out. Increase the 'protocolTimeout' setting in launch/connect calls for a higher timeout if needed."
"Niakhaté M.","Lyon","Error: Runtime.callFunctionOn timed out. Increase the 'protocolTimeout' setting in launch/connect calls for a higher timeout if needed."
"Perraud R.","Lille","Error: Runtime.callFunctionOn timed out. Increase the 'protocolTimeout' setting in launch/connect calls for a higher timeout if needed."
"Lepaul E.","Rennes","Error: Runtime.callFunctionOn timed out. Increase the 'protocolTimeout' setting in launch/connect calls for a higher timeout if needed."
"Sinayoko L.","Auxerre","Error: Runtime.callFunctionOn timed out. Increase the 'protocolTimeout' setting in launch/connect calls for a higher timeout if needed."
"Kouao K.","Metz","Error: Runtime.callFunctionOn timed out. Increase the 'protocolTimeout' setting in launch/connect calls for a higher timeout if needed."
"Lopez M.","Paris FC","Error: Runtime.callFunctionOn timed out. Increase the 'protocolTimeout' setting in launch/connect calls for a higher timeout if needed."
"Tolisso C.","Lyon","Error: Runtime.callFunctionOn timed out. Increase the 'protocolTimeout' setting in launch/connect calls for a higher timeout if needed."
"Giroud O.","Lille","Error: Runtime.callFunctionOn timed out. Increase the 'protocolTimeout' setting in launch/connect calls for a higher timeout if needed."
"Namaso D.","Auxerre","Error: Runtime.callFunctionOn timed out. Increase the 'protocolTimeout' setting in launch/connect calls for a higher timeout if needed."
"Teze J.","Monaco","Error: Runtime.callFunctionOn timed out. Increase the 'protocolTimeout' setting in launch/connect calls for a higher timeout if needed."
"Weah T.","Marseille","Error: Runtime.callFunctionOn timed out. Increase the 'protocolTimeout' setting in launch/connect calls for a higher timeout if needed."
"Cherif S.","Angers","Error: Runtime.callFunctionOn timed out. Increase the 'protocolTimeout' setting in launch/connect calls for a higher timeout if needed."
"McKenzie M.","Toulouse","Error: Runtime.callFunctionOn timed out. Increase the 'protocolTimeout' setting in launch/connect calls for a higher timeout if needed."
"Sulc P.","Lyon","Error: Runtime.callFunctionOn timed out. Increase the 'protocolTimeout' setting in launch/connect calls for a higher timeout if needed."
"Doué G.","Strasbourg","Error: Runtime.callFunctionOn timed out. Increase the 'protocolTimeout' setting in launch/connect calls for a higher timeout if needed."
"Said W.","Lens","Error: Runtime.callFunctionOn timed out. Increase the 'protocolTimeout' setting in launch/connect calls for a higher timeout if needed."
"Embolo B.","Rennes","Error: Runtime.callFunctionOn timed out. Increase the 'protocolTimeout' setting in launch/connect calls for a higher timeout if needed."
"Bouaddi A.","Lille","Error: Runtime.callFunctionOn timed out. Increase the 'protocolTimeout' setting in launch/connect calls for a higher timeout if needed."
"Del Castillo R.","Brest","Error: Runtime.callFunctionOn timed out. Increase the 'protocolTimeout' setting in launch/connect calls for a higher timeout if needed."
"Barco V.","Strasbourg","Error: Runtime.callFunctionOn timed out. Increase the 'protocolTimeout' setting in launch/connect calls for a higher timeout if needed."
"Kehrer T.","Monaco","Error: Runtime.callFunctionOn timed out. Increase the 'protocolTimeout' setting in launch/connect calls for a higher timeout if needed."
"Andre B.","Lille","Error: Runtime.callFunctionOn timed out. Increase the 'protocolTimeout' setting in launch/connect calls for a higher timeout if needed."
"Aubameyang P.","Marseille","Error: Runtime.callFunctionOn timed out. Increase the 'protocolTimeout' setting in launch/connect calls for a higher timeout if needed."
"Donnum A.","Toulouse","Error: Runtime.callFunctionOn timed out. Increase the 'protocolTimeout' setting in launch/connect calls for a higher timeout if needed."
"Tagliafico N.","Lyon","Error: Runtime.callFunctionOn timed out. Increase the 'protocolTimeout' setting in launch/connect calls for a higher timeout if needed."
"Danois K.","Auxerre","Error: Runtime.callFunctionOn timed out. Increase the 'protocolTimeout' setting in launch/connect calls for a higher timeout if needed."
"Haraldsson H.","Lille","Error: Runtime.callFunctionOn timed out. Increase the 'protocolTimeout' setting in launch/connect calls for a higher timeout if needed."
"Ngoy N.","Lille","Error: Runtime.callFunctionOn timed out. Increase the 'protocolTimeout' setting in launch/connect calls for a higher timeout if needed."
"El Mourabet S.","Strasbourg","Error: Runtime.callFunctionOn timed out. Increase the 'protocolTimeout' setting in launch/connect calls for a higher timeout if needed."
"Caio Henrique","Monaco","Error: Runtime.callFunctionOn timed out. Increase the 'protocolTimeout' setting in launch/connect calls for a higher timeout if needed."
"Vanhoutte C.","Nice","Error: Runtime.callFunctionOn timed out. Increase the 'protocolTimeout' setting in launch/connect calls for a higher timeout if needed."
"Edouard O.","Lens","Error: Runtime.callFunctionOn timed out. Increase the 'protocolTimeout' setting in launch/connect calls for a higher timeout if needed."
"Zabarnyi I.","PSG","Error: Runtime.callFunctionOn timed out. Increase the 'protocolTimeout' setting in launch/connect calls for a higher timeout if needed."
"Cho M.","Nice","Error: Runtime.callFunctionOn timed out. Increase the 'protocolTimeout' setting in launch/connect calls for a higher timeout if needed."
"Le Bris T.","Lorient","Extraction Failed"
"Doumbia K.","Brest","Extraction Failed"
"Mvuka Mugisha J.","Lorient","Error: Runtime.callFunctionOn timed out. Increase the 'protocolTimeout' setting in launch/connect calls for a higher timeout if needed."
"Doucoure F.","Le Havre","Error: Runtime.callFunctionOn timed out. Increase the 'protocolTimeout' setting in launch/connect calls for a higher timeout if needed."
"Osman I.","Auxerre","Error: Runtime.callFunctionOn timed out. Increase the 'protocolTimeout' setting in launch/connect calls for a higher timeout if needed."
"Omobamidele A.","Strasbourg","Error: Runtime.callFunctionOn timed out. Increase the 'protocolTimeout' setting in launch/connect calls for a higher timeout if needed."
"Messali R.","Toulouse","Error: Runtime.callFunctionOn timed out. Increase the 'protocolTimeout' setting in launch/connect calls for a higher timeout if needed."
"Mbappé E.","Lille","Error: Runtime.callFunctionOn timed out. Increase the 'protocolTimeout' setting in launch/connect calls for a higher timeout if needed."
"Mbaye I.","PSG","Error: Runtime.callFunctionOn timed out. Increase the 'protocolTimeout' setting in launch/connect calls for a higher timeout if needed."
"Hakimi A.","PSG","Error: Runtime.callFunctionOn timed out. Increase the 'protocolTimeout' setting in launch/connect calls for a higher timeout if needed."
"Nadir B.","Marseille","Error: Runtime.callFunctionOn timed out. Increase the 'protocolTimeout' setting in launch/connect calls for a higher timeout if needed."
"Sangui N.","Paris FC","Error: Runtime.callFunctionOn timed out. Increase the 'protocolTimeout' setting in launch/connect calls for a higher timeout if needed."
"Sane S.","Metz","Error: Runtime.callFunctionOn timed out. Increase the 'protocolTimeout' setting in launch/connect calls for a higher timeout if needed."
"Camara L.","Monaco","Error: Runtime.callFunctionOn timed out. Increase the 'protocolTimeout' setting in launch/connect calls for a higher timeout if needed."
"Vanderson","Monaco","Error: Runtime.callFunctionOn timed out. Increase the 'protocolTimeout' setting in launch/connect calls for a higher timeout if needed."
"Kevin","Nice","Error: Runtime.callFunctionOn timed out. Increase the 'protocolTimeout' setting in launch/connect calls for a higher timeout if needed."
"Vaz R.","Marseille","Error: Runtime.callFunctionOn timed out. Increase the 'protocolTimeout' setting in launch/connect calls for a higher timeout if needed."
"Verdonk C.","Lille","Error: Runtime.callFunctionOn timed out. Increase the 'protocolTimeout' setting in launch/connect calls for a higher timeout if needed."
"Tosin A.","Lorient","Error: Runtime.callFunctionOn timed out. Increase the 'protocolTimeout' setting in launch/connect calls for a higher timeout if needed."
"Hidalgo S.","Toulouse","Error: Runtime.callFunctionOn timed out. Increase the 'protocolTimeout' setting in launch/connect calls for a higher timeout if needed."
"Ndjantou Q.","PSG","Error: Runtime.callFunctionOn timed out. Increase the 'protocolTimeout' setting in launch/connect calls for a higher timeout if needed."
"Nagida M.","Rennes","Error: Runtime.callFunctionOn timed out. Increase the 'protocolTimeout' setting in launch/connect calls for a higher timeout if needed."
"Koumbassa S.","Toulouse","Extraction Failed"
"Dicko N.","Paris FC","Extraction Failed"
"Nwaneri E.","Marseille","Extraction Failed"
"Doucet L.","Paris FC","Extraction Failed"
"Michal L.","Monaco","Extraction Failed"
"Cornelius D.","Marseille","Extraction Failed"
"Bermont A.","Lens","Extraction Failed"
"Doucoure S.","Nantes","Extraction Failed"
"Boudache K.","Nice","Extraction Failed"
"Goffi A.","Lille","Extraction Failed"
"Pogba P.","Monaco","Extraction Failed"
"Le Guen R.","Brest","Extraction Failed"
"Luis Enrique","PSG","Extraction Failed"
"Gilli S.","Paris FC","Extraction Failed"
"Pelissier C.","Auxerre","Extraction Failed"
"Digard D.","Le Havre","Extraction Failed"
"Dujeux A.","Angers","Extraction Failed"
"Pocognoli S.","Monaco","Extraction Failed"
"Le Mignan S.","Metz","Extraction Failed"
"De Zerbi R.","Marseille","Extraction Failed"
"Genesio B.","Lille","Extraction Failed"
"Beye H.","Rennes","Extraction Failed"
"Rosenior L.","Strasbourg","Extraction Failed"
"Le Guen R.","Brest","Extraction Failed"
"Luis Enrique","PSG","Extraction Failed"
"Gilli S.","Paris FC","Extraction Failed"
"Pelissier C.","Auxerre","Extraction Failed"
"Digard D.","Le Havre","Extraction Failed"
"Dujeux A.","Angers","Extraction Failed"
"Pocognoli S.","Monaco","Extraction Failed"
"Le Mignan S.","Metz","Extraction Failed"
"De Zerbi R.","Marseille","Extraction Failed"
"Genesio B.","Lille","Extraction Failed"
"Beye H.","Rennes","Extraction Failed"
"Rosenior L.","Strasbourg","Extraction Failed"
"Le Guen R.","Brest","Extraction Failed"
"Luis Enrique","PSG","Extraction Failed"
"Gilli S.","Paris FC","Extraction Failed"
"Pelissier C.","Auxerre","Extraction Failed"
"Digard D.","Le Havre","Extraction Failed"
"Dujeux A.","Angers","Extraction Failed"
"Pocognoli S.","Monaco","Extraction Failed"
"Le Mignan S.","Metz","Extraction Failed"
"De Zerbi R.","Marseille","Extraction Failed"
"Genesio B.","Lille","Extraction Failed"
"Beye H.","Rennes","Extraction Failed"
"Rosenior L.","Strasbourg","Extraction Failed"
"Gilli S.","Paris FC","Extraction Failed"
"Pelissier C.","Auxerre","Extraction Failed"
"Digard D.","Le Havre","Extraction Failed"
"Dujeux A.","Angers","Extraction Failed"
"Le Mignan S.","Metz","Extraction Failed"
"Beye H.","Rennes","Extraction Failed"
"Gilli S.","Paris FC","Extraction Failed"
"Pelissier C.","Auxerre","Extraction Failed"
"Digard D.","Le Havre","Extraction Failed"
"Dujeux A.","Angers","Extraction Failed"
"Le Mignan S.","Metz","Extraction Failed"
"Beye H.","Rennes","Extraction Failed"
"McKenzie M.","Toulouse","Error: Attempted to use detached Frame 'D908501081DA8F79630B9840F91C9368'."
"Doué G.","Strasbourg","Error: Attempted to use detached Frame 'D908501081DA8F79630B9840F91C9368'."
"Embolo B.","Rennes","Error: Attempted to use detached Frame 'D908501081DA8F79630B9840F91C9368'."
"Bouaddi A.","Lille","Error: Attempted to use detached Frame 'D908501081DA8F79630B9840F91C9368'."
"Kehrer T.","Monaco","Error: Attempted to use detached Frame 'D908501081DA8F79630B9840F91C9368'."
"Aubameyang P.","Marseille","Error: Attempted to use detached Frame 'D908501081DA8F79630B9840F91C9368'."
"Tagliafico N.","Lyon","Error: Attempted to use detached Frame 'D908501081DA8F79630B9840F91C9368'."
"Mayulu S.","PSG","Error: Attempted to use detached Frame 'D908501081DA8F79630B9840F91C9368'."
"Aguerd N.","Marseille","Error: Attempted to use detached Frame 'D908501081DA8F79630B9840F91C9368'."
"Zabarnyi I.","PSG","Error: Attempted to use detached Frame 'D908501081DA8F79630B9840F91C9368'."
"Abergel L.","Lorient","Error: Attempted to use detached Frame 'D908501081DA8F79630B9840F91C9368'."
"Moreira D.","Strasbourg","Error: Attempted to use detached Frame 'D908501081DA8F79630B9840F91C9368'."
"Kohn P.","Monaco","Error: Attempted to use detached Frame 'D908501081DA8F79630B9840F91C9368'."
"Sabaly C.","Metz","Error: Attempted to use detached Frame 'D908501081DA8F79630B9840F91C9368'."
"Tamari M.","Rennes","Error: Attempted to use detached Frame 'D908501081DA8F79630B9840F91C9368'."
"Abdelli H.","Angers","Error: Attempted to use detached Frame 'D908501081DA8F79630B9840F91C9368'."
"Magri F.","Toulouse","Error: Attempted to use detached Frame 'D908501081DA8F79630B9840F91C9368'."
"Kvaratskhelia K.","PSG","Error: Attempted to use detached Frame 'D908501081DA8F79630B9840F91C9368'."
"Sbai A.","Angers","Error: Attempted to use detached Frame 'D908501081DA8F79630B9840F91C9368'."
"Krasso J.","Paris FC","Error: Attempted to use detached Frame 'D908501081DA8F79630B9840F91C9368'."
"Moreira A.","Lyon","Error: Attempted to use detached Frame 'D908501081DA8F79630B9840F91C9368'."
"Chilwell B.","Strasbourg","Error: Attempted to use detached Frame 'D908501081DA8F79630B9840F91C9368'."
"Fernandez-Pardo M.","Lille","Error: Attempted to use detached Frame 'D908501081DA8F79630B9840F91C9368'."
"Seidu A.","Rennes","Error: Attempted to use detached Frame 'D908501081DA8F79630B9840F91C9368'."
"Balogun F.","Monaco","Error: Attempted to use detached Frame 'D908501081DA8F79630B9840F91C9368'."
"Golovin A.","Monaco","Error: Attempted to use detached Frame 'D908501081DA8F79630B9840F91C9368'."
"O'Riley M.","Marseille","Error: Attempted to use detached Frame 'D908501081DA8F79630B9840F91C9368'."
"Casimir J.","Auxerre","Error: Attempted to use detached Frame 'D908501081DA8F79630B9840F91C9368'."
"Balerdi L.","Marseille","Error: Attempted to use detached Frame 'D908501081DA8F79630B9840F91C9368'."
"Sanson M.","Nice","Error: Attempted to use detached Frame 'D908501081DA8F79630B9840F91C9368'."
"Hernandez L.","PSG","Error: Attempted to use detached Frame 'D908501081DA8F79630B9840F91C9368'."
"Majecki R.","Brest","Error: Attempted to use detached Frame 'D908501081DA8F79630B9840F91C9368'."
"Simon M.","Paris FC","Error: Attempted to use detached Frame 'D908501081DA8F79630B9840F91C9368'."
"Lees-Melou P.","Paris FC","Error: Attempted to use detached Frame 'D908501081DA8F79630B9840F91C9368'."
"Abdi A.","Nice","Error: Attempted to use detached Frame 'D908501081DA8F79630B9840F91C9368'."
"Mendes N.","PSG","Error: Attempted to use detached Frame 'D908501081DA8F79630B9840F91C9368'."
"Neves J.","PSG","Error: Attempted to use detached Frame 'D908501081DA8F79630B9840F91C9368'."
"Kechta Y.","Le Havre","Error: Attempted to use detached Frame 'D908501081DA8F79630B9840F91C9368'."
"Barcola B.","PSG","Error: Attempted to use detached Frame 'D908501081DA8F79630B9840F91C9368'."
"Minamino T.","Monaco","Error: Attempted to use detached Frame 'D908501081DA8F79630B9840F91C9368'."
"Ruiz F.","PSG","Error: Attempted to use detached Frame 'D908501081DA8F79630B9840F91C9368'."
"Murillo M.","Marseille","Error: Attempted to use detached Frame 'D908501081DA8F79630B9840F91C9368'."
"Nkambadio O.","Paris FC","Error: Attempted to use detached Frame 'D908501081DA8F79630B9840F91C9368'."
"Ramos G.","PSG","Error: Attempted to use detached Frame 'D908501081DA8F79630B9840F91C9368'."
"Marchetti V.","Paris FC","Error: Attempted to use detached Frame 'D908501081DA8F79630B9840F91C9368'."
